1050301,Fletcher Peters,fletcher.peters@gmail.com,Hooligans
1059853,Eden Flowers,eden.flowers@gmail.com,Hooligans
1061102,Ocean Bloggs,ocean.bloggs@gmail.com,Prime Cats
1098316,Seamus Hatfield,seamus.hatfield@gmail.com,Stingers
1514544,Colby Castro,colby.castro@gmail.com,Dancers of the Ring
1588583,Elouise Fenton,elouise.fenton@gmail.com,Dancers of the Ring
1614668,Torin Mcmillan,torin.mcmillan@gmail.com,Big Bad Stars
1617801,Suhail Burch,suhail.burch@gmail.com,Vikings
1989475,Amelia Medrano,amelia.medrano@gmail.com,Vikings
2148133,Muskaan Strickland,muskaan.strickland@gmail.com,Lunatics
2183595,Darla Douglas,darla.douglas@yahoo.com,The 619
2810754,Cheyanne Moses,cheyanne.moses@gmail.com,Hooligans
2894896,Darcy Stokes,darcy.stokes@gmail.com,The 619
3065424,Gordon Traynor,gordon.traynor@live.com,The 619
3156130,Yahya Long,yahya.long@yahoo.com,Big Bad Stars
3165645,Abraham Avery,abraham.avery@yahoo.com,Big Bad Stars
3229716,Ella Drew,ella.drew@gmail.com,Lunatics
3285789,Ottilie Charles,ottilie.charles@yahoo.com,Stingers
3286999,Lorraine Jarvis,lorraine.jarvis@aol.com,The 619
3353371,Cali Mcnally,cali.mcnally@yahoo.com,The 619
3355195,Neive Keller,neive.keller@gmail.com,Stingers
3466863,Asma Burke,asma.burke@yahoo.com,Big Bad Stars
3522956,Christopher Cook,christopher.cook@gmail.com,Dancers of the Ring
3647460,Martine Howarth,martine.howarth@gmail.com,Big Bad Stars
3929807,Aleisha Mckenna,aleisha.mckenna@gmail.com,Prime Cats
4007478,Kingston Lancaster,kingston.lancaster@gmail.com,Hooligans
4131805,Nimra Acosta,nimra.acosta@gmail.com,Vikings
4198991,Zakariah Mcbride,zakariah.mcbride@gmail.com,Lunatics
4332695,Kacey Reynolds,kacey.reynolds@gmail.com,Prime Cats
4392625,Clyde Chang,clyde.chang@gmail.com,Big Bad Stars
4407969,Bo Barton,bo.barton@gmail.com,Vikings
4430262,Blade Macdonald,blade.macdonald@hotmail.com,Prime Cats
4538001,Gerald Fitzpatrick,gerald.fitzpatrick@gmail.com,Stingers
4611817,Gurleen O'Sullivan,gurleen.o.sullivan@live.com,Big Bad Stars
4674526,Zakary Chadwick,zakary.chadwick@gmail.com,The 619
4691905,Agatha Mair,agatha.mair@gmail.com,Big Bad Stars
4791525,Alessandra Tanner,alessandra.tanner@gmail.com,Vikings
4942852,Shawn Mccann,shawn.mccann@yahoo.com,Lunatics
4968346,Iyla English,iyla.english@gmail.com,Stingers
5135073,Alison Dunne,alison.dunne@live.com,Stingers
5208322,Gabriella Merritt,gabriella.merritt@hotmail.com,The 619
5612973,Riyad Schneider,riyad.schneider@google.com,Vikings
5729324,Kean Irving,kean.irving@hotmail.com,Stingers
5762293,Mateo Simons,mateo.simons@gmail.com,Dancers of the Ring
5785803,Aleena Drummond,aleena.drummond@gmail.com,Lunatics
5811542,Aiysha Cervantes,aiysha.cervantes@gmail.com,Big Bad Stars
5838425,Harmony Hopper,harmony.hopper@gmail.com,Lunatics
5845172,Samera Pollard,samera.pollard@yahoo.com,The 619
6072217,Tiffany Lambert,tiffany.lambert@gmail.com,Prime Cats
6125919,Murtaza Rahman,murtaza.rahman@gmail.com,Stingers
6209267,Cheyenne Keith,cheyenne.keith@yahoo.com,The 619
6323348,Saif Wright,saif.wright@yahoo.com,The 619
6343546,Ayah Perry,ayah.perry@gmail.com,Big Bad Stars
6423187,Charleigh Rangel,charleigh.rangel@aol.com,Hooligans
6542187,Christine Petty,christine.petty@yahoo.com,The 619
6646899,Allegra Crosby,allegra.crosby@gmail.com,Stingers
6688779,Kitty Barr,kitty.barr@live.com,Dancers of the Ring
7023250,Kornelia Blake,kornelia.blake@yahoo.com,Big Bad Stars
7105641,Bert Barajas,bert.barajas@gmail.com,Prime Cats
7117953,Cody Hassan,cody.hassan@live.com,The 619
7273838,Leticia Baldwin,leticia.baldwin@gmail.com,Dancers of the Ring
7341127,Leen Delacruz,leen.delacruz@gmail.com,Prime Cats
7430088,Ed Walker,ed.walker@gmail.com,The 619
7495521,Traci Gibbons,traci.gibbons@hotmail.com,Hooligans
7502169,Arbaaz Holland,arbaaz.holland@gmail.com,Vikings
7503758,Samiyah Archer,samiyah.archer@gmail.com,Hooligans
7548005,Adam Oneill,adam.oneill@gmail.com,Stingers
7582360,Amiyah Collins,amiyah.collins@gmail.com,Big Bad Stars
7820933,Destiny Whitney,destiny.whitney@gmail.com,Hooligans
7872441,Neelam Parra,neelam.parra@gmail.com,Prime Cats
8004722,April Wicks,april.wicks@gmail.com,Big Bad Stars
8037093,Keanu Cooper,keanu.cooper@gmail.com,Prime Cats
8160577,Hira Tate,hira.tate@live.com,Prime Cats
8222827,Jarrod Thornton,jarrod.thornton@gmail.com,Big Bad Stars
8234645,Inayah Gray,inayah.gray@gmail.com,Vikings
8314397,Barry Bartlett,barry.bartlett@aol.com,Lunatics
8326561,Tolga Tran,tolga.tran@gmail.com,Big Bad Stars
8388034,Krystal Davie,krystal.davie@gmail.com,Dancers of the Ring
8451333,Daria Cowan,daria.cowan@yahoo.com,Hooligans
8534613,Tiya Wallace,tiya.wallace@live.com,Dancers of the Ring
8755304,Raisa Forster,raisa.forster@gmail.com,Lunatics
8868531,Heath Adams,heath.adams@gmail.com,Stingers
8887080,Henry Snider,henry.snider@yahoo.com,The 619
8896026,Esa Melia,esa.melia@gmail.com,Dancers of the Ring
9012993,Elana Peacock,elana.peacock@gmail.com,Big Bad Stars
9089385,Adeel Simon,adeel.simon@gmail.com,Vikings
9090365,Eva-Rose Bennett,eva-rose.bennett@gmail.com,Vikings
9143533,Beth Bonner,beth.bonner@gmail.com,Hooligans
9208860,Shakeel Solis,shakeel.solis@gmail.com,Hooligans
9285959,Kasim Clements,kasim.clements@live.com,The 619
9367045,Malia Best,malia.best@google.com,Hooligans
9465759,Subhaan Blackburn,subhaan.blackburn@gmail.com,The 619
9543690,Owais Salter,owais.salter@gmail.com,Stingers
9741445,Pamela Calvert,pamela.calvert@gmail.com,Lunatics
9782408,Waqas Mac,waqas.mac@gmail.com,Prime Cats
9808481,Harley Sellers,harley.sellers@gmail.com,The 619
9830524,Viaan Mooney,viaan.mooney@gmail.com,Lunatics
9923983,Cassian Joyce,cassian.joyce@gmail.com,Vikings
9944043,Adeline Eaton,adeline.eaton@gmail.com,The 619
9972772,Seb Blanchard,seb.blanchard@gmail.com,The 619